{
  "formatVersion": 1,
  "database": {
    "version": 2,
    "identityHash": "837f8db169a7bcaee7a8e0593eb6346f",
    "entities": [
      {
        "tableName": "flightlog",
        "createSql": "CREATE TABLE IF NOT EXISTS `${TABLE_NAME}` (`mFlightLogID` INTEGER PRIMARY KEY AUTOINCREMENT NOT NULL, `mDeparture` TEXT, `mArrival` TEXT, `mNumOfTickets` INTEGER NOT NULL, `mTicketPrice` REAL NOT NULL, `Date` INTEGER)",
        "fields": [
          {
            "fieldPath": "mFlightLogID",
            "columnName": "mFlightLogID",
            "affinity": "INTEGER",
            "notNull": true
          },
          {
            "fieldPath": "mDeparture",
            "columnName": "mDeparture",
            "affinity": "TEXT",
            "notNull": false
          },
          {
            "fieldPath": "mArrival",
            "columnName": "mArrival",
            "affinity": "TEXT",
            "notNull": false
          },
          {
            "fieldPath": "mNumOfTickets",
            "columnName": "mNumOfTickets",
            "affinity": "INTEGER",
            "notNull": true
          },
          {
            "fieldPath": "mTicketPrice",
            "columnName": "mTicketPrice",
            "affinity": "REAL",
            "notNull": true
          },
          {
            "fieldPath": "Date",
            "columnName": "Date",
            "affinity": "INTEGER",
            "notNull": false
          }
        ],
        "primaryKey": {
          "columnNames": [
            "mFlightLogID"
          ],
          "autoGenerate": true
        },
        "indices": [],
        "foreignKeys": []
      }
    ],
    "setupQueries": [
      "CREATE TABLE IF NOT EXISTS room_master_table (id INTEGER PRIMARY KEY,identity_hash TEXT)",
      "INSERT OR REPLACE INTO room_master_table (id,identity_hash) VALUES(42, \"837f8db169a7bcaee7a8e0593eb6346f\")"
    ]
  }
}