{
  "formatVersion": 1,
  "database": {
    "version": 1,
    "identityHash": "ec6b08ae2cf583637c8fdcc9432982cb",
    "entities": [
      {
        "tableName": "gymlog",
        "createSql": "CREATE TABLE IF NOT EXISTS `${TABLE_NAME}` (`mLogId` INTEGER PRIMARY KEY AUTOINCREMENT NOT NULL, `mExercise` TEXT, `mWeight` INTEGER NOT NULL, `mReps` INTEGER NOT NULL, `mDate` INTEGER)",
        "fields": [
          {
            "fieldPath": "mLogId",
            "columnName": "mLogId",
            "affinity": "INTEGER",
            "notNull": true
          },
          {
            "fieldPath": "mExercise",
            "columnName": "mExercise",
            "affinity": "TEXT",
            "notNull": false
          },
          {
            "fieldPath": "mWeight",
            "columnName": "mWeight",
            "affinity": "INTEGER",
            "notNull": true
          },
          {
            "fieldPath": "mReps",
            "columnName": "mReps",
            "affinity": "INTEGER",
            "notNull": true
          },
          {
            "fieldPath": "mDate",
            "columnName": "mDate",
            "affinity": "INTEGER",
            "notNull": false
          }
        ],
        "primaryKey": {
          "columnNames": [
            "mLogId"
          ],
          "autoGenerate": true
        },
        "indices": [],
        "foreignKeys": []
      }
    ],
    "setupQueries": [
      "CREATE TABLE IF NOT EXISTS room_master_table (id INTEGER PRIMARY KEY,identity_hash TEXT)",
      "INSERT OR REPLACE INTO room_master_table (id,identity_hash) VALUES(42, \"ec6b08ae2cf583637c8fdcc9432982cb\")"
    ]
  }
}