{
  "formatVersion": 1,
  "database": {
    "version": 1,
    "identityHash": "785b5e697dafbb7e523be66a4fea69bf",
    "entities": [
      {
        "tableName": "reservation",
        "createSql": "CREATE TABLE IF NOT EXISTS `${TABLE_NAME}` (`mReservationId` INTEGER PRIMARY KEY AUTOINCREMENT NOT NULL, `mName` TEXT, `mPassword` TEXT, `mDate` INTEGER)",
        "fields": [
          {
            "fieldPath": "mReservationId",
            "columnName": "mReservationId",
            "affinity": "INTEGER",
            "notNull": true
          },
          {
            "fieldPath": "mName",
            "columnName": "mName",
            "affinity": "TEXT",
            "notNull": false
          },
          {
            "fieldPath": "mPassword",
            "columnName": "mPassword",
            "affinity": "TEXT",
            "notNull": false
          },
          {
            "fieldPath": "mDate",
            "columnName": "mDate",
            "affinity": "INTEGER",
            "notNull": false
          }
        ],
        "primaryKey": {
          "columnNames": [
            "mReservationId"
          ],
          "autoGenerate": true
        },
        "indices": [],
        "foreignKeys": []
      }
    ],
    "setupQueries": [
      "CREATE TABLE IF NOT EXISTS room_master_table (id INTEGER PRIMARY KEY,identity_hash TEXT)",
      "INSERT OR REPLACE INTO room_master_table (id,identity_hash) VALUES(42, \"785b5e697dafbb7e523be66a4fea69bf\")"
    ]
  }
}